Genre_es,Español,Genre_fr,Français,Catégorie,Détails
,Por fin,,Enfin,Adverbe,
,así,,"ainsi, comme ça",Adverbe,
la,vaca,f,vache,Animal,
el,cerdo,m,cochon,Animal,
el,búho,m,hibou,Animal,
el,pez / peces,m,poisson,Animal,
,Léon,m,lion,Animal,
,elefante,m,éléphant,Animal,
el,teatro,m,théâtre,Arts,
la,poesia,f,poésie,Arts,
la,moda,f,mode,Arts,
la,danza,f,danse,Arts,
la,literatura,f,littérature,Arts,
la,fotografía,f,photographie,Arts,
el,cuadro,m,tableau,Arts,
el,escenario,f,scène,Arts,
el,espectáculo,m,spectacle,Arts,
la,actuación,m,jeu,Arts,jeu d’un acteur
la,tienda,m,Magasin,Bâtiment,
la,carne,f,Viande,Bouffe,
la,sal,m,Sel,Bouffe,
el,tomate,f,Tomate,Bouffe,
el,pan,m,Pain,Bouffe,
el,pescado,m,Poisson,Bouffe,
la,ensalada,f,Salade,Bouffe,
el,salmón,m,Saumon,Bouffe,
la,patatas fritas,f,Frites,Bouffe,
la,mantequilla,m,Beurre,Bouffe,
el,almuerzo,m,dîner,Bouffe,
la,cena,m,souper,Bouffe,
el,desayuno,m,déjeuner,Bouffe,
el,cereal,f,Céréale,Bouffe,
el,helado,f,Crème Glacée,Bouffe,
el,batido,,smoothie / milkshake / whipped,Bouffe,
el,vegetales,,végétaux,Bouffe,
la,fruta,,fruits,Bouffe,
la,papa,,potato,Bouffe,
el,melón,,melon,Bouffe,
el,huevo,,Un oeuf,Bouffe,
la,cebolla,,oignon,Bouffe,
la,proteina,,la proteine,Bouffe,
el,emparedado,,le sandwich,Bouffe,
el,limón,,citron,Bouffe,
,trece,,13,Chiffre,
,veinte,,20,Chiffre,
,catorce,,14,Chiffre,
,dieciséis,,16,Chiffre,
,dieciocho,,18,Chiffre,
,diecinueve,,19,Chiffre,
,diecisiete,,17,Chiffre,
,cuatrocientos,,400,Chiffre,
,veintiuno,,21,Chiffre,
,veintidos,,22,Chiffre,
,veinticuatro,,24,Chiffre,
,treinta,,30,Chiffre,
,cincuenta,,50,Chiffre,
,sesenta,,60,Chiffre,
,cuarenta,,40,Chiffre,
,noventa,,90,Chiffre,
,cien,,100,Chiffre,
,mil,,1000,Chiffre,
,millones,,1000000,Chiffre,
,quinientos,,500,Chiffre,
el,artículos,,"articles, items, better, best",Chose,
el,pelo,,"cheveux, poil",Corps,
la,cara,,face,Corps,
,cabello,,cheveux,Corps,
le,pie / pies,,le pied,Corps,
la,oreja,,l’oreille,Corps,
la,nariz,,nez,Corps,
la,cabeza,,tête,Corps,
la,boca,,bouche,Corps,
el,cuerpo,,le corps,Corps,
el,brazo,,le bras,Corps,
la,pierna,,jambe,Corps,
la,barba,,barbe,Corps,
la,espalda,,Le dos,Corps,
el,Dedo,,Le doigt,Corps,
el,Cuello,,le cou,Corps,
el,pecho,,"Le torse, la poitrine",Corps,
la,piel,,"La peau, cuir",Corps,
el,Estómago,,L’estomac,Corps,
el,Frente,,Le front,Corps,
el,pelo,,Le poil,Corps,
el,Hombro,,L’épaule,Corps,
el,rodilla,,Le genou,Corps,
la,lengua,,la langue,Corps,
el,labio,,la lèvre,Corps,
la,sangre,,le sang,Corps,
el,codo,,le coude,Corps,
el,corazón,,le coeur,Corps,
la,lagrima,,la larme,Corps,
el,ojo,,l’oeil,Corps,
el,marrón,,brun,Couleur,
el,negro,,noir,Couleur,
el,amarillo,,jaune,Couleur,amarilla
,moreno,,black skin / dark haired,Couleur,
,rubio,,blond,Couleur,
el,morado / morada,,violet,Couleur,
,gris,,gris,Couleur,
,naranja,,orange,Couleur,
la,sartén,,poêle,Cuisine,
el,horno,,un four,Cuisine,
el,aula,,classroom,Ecole,
el,parque,,parc,Endroit,
,cerca,,near,État,
,alto / alta,,gran,État,
,bajo / baja,,"petit, dessous",État,
,menor,,plus jeune,État,
,sucio,,sale,État,
,guapo / guapa,,joli,État,
,perezoso / perezosa,,paresseux,État,
,responsable,,responsable,État,
la,hambre,,faim,État,
,caliente,,chaud,État,
,rápido,,rapide,État,
,de verdad,,pour vrai,Expression,
,taller de reparación de carros,,auto repair shop,Expression,
,entonces,,alors,Expression,
,Qué precio tiene la camisa,,How much is the shirt,Expression,
,tengo ganas,,"feel like, win, earn",Expression,
,por supuesto,,bien sûr,Expression,
el,esposo,,"mari, époux",Famille,
la,esposa,,"femme, épouse",Famille,esposas pluriel
,Primo / Prima,,Cousin / Cousine,Famille,
,tio / tia,,oncle / tante,Famille,
,lunes,,lundi,Jour,
,martes,,mardi,Jour,
,miércoles,,mercredi,Jour,
,jueves,,jeudi,Jour,
,viernes,,vendredi,Jour,
,sabado,,samedi,Jour,
,domingo,,dimanche,Jour,
,alemán,,German,Langue,
,japonés,,Japonese,Langue,
,chileno,,Chiliean,Langue,
,italiano,,Italien,Langue,
la,ropa,,Vetement,Linge,
,camiseta,,T-Shirt,Linge,
,cartera,,"Bourse, sacoche",Linge,
un,vestido,,robe,Linge,
una,chaqueta,,jacket,Linge,
una,camisa,,chemise,Linge,
un,abrigo,,manteau,Linge,
una,falda,,jupe,Linge,
el,cinturón,,belt,Linge,
,zapato,,shoes,Linge,
,suéter,,sweater,Linge,
,gafas de sol,,sunglasses,Linge,
,blusa,,blouse,Linge,
la,botta,,boot,Linge,
,lentes,,glasses,Linge,
,vaqueros,,jeans,Linge,
,corbata,,cravate,Linge,
el,calcetín,,le bas ,Linge,
el,paraguas,,parapluie,Linge,
el,tratamiento,,Le traitement,Médical,
el / la,paciente,,Le / La patiente,Médical,
el,Síntoma,,Le symptôme,Médical,
la,depresion,,La dépression,Médical,
el,remedio,,Le remède,Médical,
la,salud,,la santé,Médical,
,duele,,fait mal,Médical,
la,enfermedad,,la maladie,Médical,
la,ambulancia,,l’ambulance,Médical,
la,emergencia,,l’urgence,Médical,
la,operación,,l’opération,Médical,
la,dosis,,la dose,Médical,
la,presión,,la pression,Médical,
el,diagnóstico,,le diagnostic,Médical,
la,medicina,,un médicament,Médical,
el,órgano,,l’organe,Médical,
el,virus,,le virus,Médical,
la,dieta,,le régime,Médical,
la,clínica,,la clinique,Médical,
el,cadáver,,le cadavre,Médical,
,muerto / muerta,,mort / morte,Médical,
la,mente,,l’esprit,Médical,
,periodista,,journaliste,Métier,
,guardas,,gardiens,Métier,
,guardias,,gardes,Métier,
,juez,,juge,Métier,
,abogada,,avocat,Métier,
,enfermero,,infirmier,Métier,
,especialista,,specialiste,Métier,
,conductor / conductora,,conducteur,Métier,
,sacerdote,,prêtre,Métier,
,carpintero / carpintera,,"menuisier, charpentier",Métier,
,trabajador,,travailleur,Métier,
,docente,,enseignant,Métier,
,agento,,agent,Métier,
,pintor,,peintre,Métier,
,jueve,,Juge,Métier,
la,agricultura,,l’agriculture,Métier,
el,ritmo,,le rythme,Musique,
el,estilo,,le style,Musique,
el,violin,,le violon,Musique,
la,flauta,,la flûte,Musique,
el,concierto,,le concert,Musique,
el,sonido,,le son,Musique,
el,instrumento,,l’instrument,Musique,
la,ópera,,l’opéra,Musique,
la,orquesta,,l’orchestre,Musique,
la,bateria,,La batterie,Musique,
la,playa,,plage,Nom,
la,puerta,,door,Nom,
el,periódico,,newspaper,Nom,
,cumpleaños,,birthday,Nom,
,ayuda,,aide,Nom,
el,pueblos ,,towns,Nom,
la,oficina,,office,Nom,
la,fábrica,,factory,Nom,
el,hospital,,hospital,Nom,
el,fútbol,,soccer,Nom,
los,hijos,,children,Nom,
el,regalo,,gift,Nom,
el,médico,,doctor,Nom,médica féminin
el,camarero / camarera,,waiter,Nom,camarera féminin
la,comida,,food,Nom,
el,pollo,,chicken,Nom,
la,flor / flores,,flowers,Nom,
la,decisión,,decision,Nom,
el,almuerzo,,lunch,Nom,
,Alemania,,Germany,Nom,
,pájaro,,bird,Nom,
,Fresa ,,Fraise,Nourriture,
,Suecia,,Sweden,Pays,
,"Ana, este es tu periodíco",,"Ana, is this newspaper",Phrase,
,Puedes ir a buscar ,,Can you go look for,Phrase,
la,ley,,La loi,Politique,
la,elecciones,,Les élections / choix,Politique,
la,guerra,,La guerre,Politique,
la,sociedad,,La société,Politique,
el,presidente,,Le président,Politique,
el,gobierno,,Le gouvernement,Politique,
el,político / politica,,Le politicien / la politique,Politique,
la,justicia,,La justice,Politique,
el,congreso,,Le congrès,Politique,
el,ministerio,,Le ministère,Politique,
la,administración,,L’administration,Politique,
el,rey,,Le roi,Politique,
el,principe,,Le prince,Politique,
la,campaña,,La campagne,Politique,
la,democracia,,La démocratie,Politique,
la,reina,,La reine,Politique,
la,república,,La république,Politique,
la,oposición,,L’opposition,Politique,
,socialista,,socialiste,Politique,
el,alcalde,,Le maire,Politique,
el,líder,,Le leader,Politique,
la,constitución,,La constitution,Politique,
el,discurso,,Le discours,Politique,
la,declaración,,La déclaration,Politique,
la,presidencia,,La présidence,Politique,
,federal,,Fédéral,Politique,
el,presupuesto,,Le budget,Politique,
,Candidato / Candidata,,Candidat / Candidate,Politique,
el,gobernador,,Le gouverneur,Politique,
la,corrupción,,La corruption,Politique,
la,federación,,La fédération,Politique,
la,cooperación,,La coopération,Politique,
la,independencia,,L’indépendance,Politique,
,acuerdo,,accord,Politique,
el,ejército,,l’armée,Politique,
la,riqueza,,la richesse,Politique,
la,dictadura,,la dictature,Politique,
el,imperio,,l’empire,Politique,
la,pobreza,,la pauvreté,Politique,
la,estabilidad,,la stabilité,Politique,
la,legislación,,la législation,Politique,
,electoral,,électorale,Politique,
el,comandante,,le comandant,Politique,
el,coronel,,le colonel,Politique,
el,proceso,,le processus,Politique,
,senador / senadora,,sénateur / sénatrice,Politique,
el,impuesto,,l’impôt,Politique,
la,manifestación,,la manifestation,Politique,
la,embajadora,,l’embassadrice,Politique,
,"yo, tu, él ella, nosotros, vosotros, ellos",,"I, you, he, we, you all, they",Pronom,
,ustedes,,you all,Pronom,
,gordo,,fat,Qualificatif,
,delgada / delgado,,thinner,Qualificatif,
,peor,,Le pire,Qualificatif,
,popular,,popular,Qualificatif,
,adecuado / adecuada,,adéquat / adéquate,Qualificatif,
,vivo / viva,,vivant / vivante,Qualificatif,
,negativo / negativa,,négatif / négative,Qualificatif,
,escaso / escasa,,"pauvre, rare",Qualificatif,
,sencillo / sencilla,,"simple, facile",Qualificatif,
,femenino,,féminin,Qualificatif,
,legal / légales,,légal / légaux,Qualificatif,
,débil,,faible,Qualificatif,
,civil,,civile,Qualificatif,
,ideal,,idéal,Qualificatif,
,mundial,,mondial,Qualificatif,
,previa,,préalable,Qualificatif,
,regular,,normal,Qualificatif,
,puro,,pur,Qualificatif,
la,fe,,la foi,Religion,
el,alma,,l’âme,Religion,
el,ángel,,l’ange,Religion,
el,espiritu,,l’esprit,Religion,
el,dio,,le dieu,Religion,
la,inglesia,,l’église,Religion,
la,cruz,,la croix,Religion,
el,destino,,le destin,Religion,
,santo / santa,,saint / sainte,Religion,
,católico / católica,,catolique,Religion,
,religioso / religiosa,,religieux / religieuse,Religion,
el,verano,,summer,Saison,
,invierno,,winter,Saison,
,otoño,,fall,Saison,
,primavera,,printemps,Saison,
la,tecnología,,La technologie,Science,
la,velocidad,,La vitesse,Science,
la,Filosofía,,La philosophie,Science,
la,temperatura,,La température,Science,
la,masa,,La masse,Science,
el,elemento,,l’élément,Science,
el,metodo,,La méthode,Science,
el,volumen,,Le volume,Science,
el,promedio,,La moyenne,Science,
el,circulo,,Le cercle,Science,
el,radio,,Le rayon (du cercle),Science,
la,cantidad,,La quantité,Science,
la,medida,,La mesure,Science,
el,punto,,Le point,Science,
la,Energia,,L’énergie,Science,
la,análisis,,l’analyse,Science,
la,ciencia,,La science,Science,
la,teoría,,La théorie,Science,
el,concepto,,Le concept,Science,
la,técnica,,La technique,Science,
la,superficie,,La superficie,Science,
la,física,,La physique,Science,
el,método,,La méthode,Science,
la,tesis,,La these,Science,
la,fórmula,,La formule,Science,
el,equilibrio,,L’équilibre,Science,
la,limite,,La limite,Science,
la,sustancia,,La substance,Science,
el,núcleo,,Le noyau,Science,
la,quimica,,La chimie,Science,
la,atmósfera,,L’atmosphere,Science,
la,proporción,,La proportion,Science,
la,observación,,L’observation,Science,
la,profundidad,,La profondeur,Science,
el,laboratorio,,Le laboratoire,Science,
el,discubrimiento,,La découverte,Science,
el,olor,,L´odeur,Sens,
el,oido,,L’ouïe,Sens,
el,sabor,,la saveur,Sens,
,nervioso,,nervous,Sentiment,nerviosa
la,sorpresa,,la surprise,Sentiment,
la,Esperanza,,l’espoir,Sentiment,
la,Felicidad,,Le bonheur,Sentiment,
la,Amistad,,L’amitié,Sentiment,
el,sentimiento,,Le sentiment,Sentiment,
el,Placer,,Le plaisir,Sentiment,
la,Satisfacción,,La satisfaction,Sentiment,
la,alegria,,la joie,Sentiment,
el,dolor,,la douleur,Sentiment,
el,temor,,la crainte,Sentiment,
la,soledad,,la solitude,Sentiment,
el,deseo,,Le désir,Sentiment,
el,humor,,l’humour,Sentiment,
la,curiosidad,,la curiosité,Sentiment,
el,honor,,l’honneur,Sentiment,
la,concentración,,la concentration,Sentiment,
el,Equipo,,"L’équipement, l’équipe",Sport,
el,Gol,,Le but,Sport,
el,descenso,,La descente,Sport,
el,campeonato,,Le championnat,Sport,
el,torneo,,le tournois,Sport,
el,estadio,,le stade,Sport,
la,liga,,la ligue,Sport,
,campeón,,champion,Sport,
,temprano,,tôt,Temps,
,nublado,,nuageux,Temps,
,Recién,,Récemment,Temps,
,Calendario,,Calendrier,Temps,
,pronto,,bientôt,Temps,
,Comprar,,Acheter,Verbe,"yo compro, tu compras, el compra"
,Quiero,,Vouloir / Aimer,Verbe,"yo quiero, tú quires, el quiere, quieremos"
,hablar,,Parler,Verbe,"yo hablo, tú hablas, él habla"
,estar,,"Être, rester",Verbe,"Yo estoy, tú estás, el ella está
Están Estamos"
,ser,,Être,Verbe,"Yo soy, tú eres, él es / ella esa
son"
,tener,,Avoir,Verbe,"Yo tengo, tú tienes, él tiene"
,leer,,Lire,Verbe,"yo leo, tú lees"
,estudiar,,Étudier,Verbe,tú estudias
,escribir,,Écrire,Verbe,"yo escribo, tú escribes"
,comer,,Mager,Verbe,"yo como, tu comes él come, comemos"
,correr,,Courier,Verbe,"Yo corro, tú corres, él corre"
,abrir,,open,Verbe,
,necesitar,,need,Verbe,"Yo necesito, tú necesitas, él necesita, nosotros necesitamos, "
,tocar,,"Jouer, Toucher",Verbe,
,toma,,take,Verbe,
,manejar,,"Conduire, rouler ",Verbe,
,abre,,open,Verbe,
,bailar,,dance,Verbe,
,caminar,,walk,Verbe,
,viajar,,travel,Verbe,
,vender,,to sell,Verbe,
,nadar,,swinning,Verbe,
,cuestar,,cost,Verbe,
,aprender,,learn,Verbe,
,mirar,,to look,Verbe,
,salir,,"leave, exit",Verbe,
,sentar,,sit,Verbe,
,pintar,,to paint,Verbe,
,limpiar,,to clean,Verbe,
,jugar,,"play (toy, sports)",Verbe,
,escuchar,,listening,Verbe,
,hacer,,to do / make / ago,Verbe,
,probar,,try on / prove,Verbe,
,costar,,to cost,Verbe,
,pasar,,Passer,Verbe,
,montar,,to mount,Verbe,
,llamar,,to call,Verbe,
,ayudar,,to help,Verbe,
,amar,,to love,Verbe,
,ver,,Regarder,Verbe,
,enseñar,,to teach,Verbe,
,entrar,,get in,Verbe,
,volver,,revenir,Verbe,
,salgar,,go out,Verbe,
,ponerse,,to put on,Verbe,
,almorzar,,having lunch,Verbe,
,coger,,to take,Verbe,
,empezar,,to start,Verbe,
,entender,,to understande,Verbe,
,conocer,,connaître,Verbe,"conozco, conoces, conoce, conocemos, conocen"
,poder,,Pouvoir / Capable de,Verbe,
,Perder,,Perdre,Verbe,
,esconder,,to hide,Verbe,
,encontrar,,to find / meet up,Verbe,
,regar,,to water,Verbe,
,cantar,,to sign,Verbe,
,interesar,,to interest,Verbe,
,practicar,,to practice,Verbe,
,contestar,,contester / répondre,Verbe,
,nevar,,to snow,Verbe,
,esperar,,to wait,Verbe,
,Llevar,,"Porter, Emmener, Emporter",Verbe,
,lavar,,nettoyer,Verbe,
,poner,,mettre,Verbe,
,sentir,,sentir,Verbe,
,llover,,pleuvoir,Verbe,
,volar,,voler,Verbe,
,cenar,,souper,Verbe,
,gustar,,aimer,Verbe,
,encontrar,,Trouver,Verbe,
,recordar,,Souvenir,Verbe,
,desayunar,,Dejeuner,Verbe,
,preguntar,,Demander,Verbe,
,girar,,tourner,Verbe,
,seguir,,continuer / suivre,Verbe,
,mentir,,mentir,Verbe,
,mandar,,envoyer,Verbe,
,haber,,Avoir,Verbe,
,elegir,,Choisir,Verbe,
,oir,,to hear,Verbe,
,despertar,,waking up,Verbe,
,apagar,,turn off,Verbe,
,salvar,,to save,Verbe,
,botar,,"to throw, to pour",Verbe,
,despertar,,to wake,Verbe,
,quedar,,to stay / get together,Verbe,
,acabar,,to finish,Verbe,
,acordarte,,remember,Verbe,
,soñar,,to dream,Verbe,
,encantar,,to love,Verbe,
,lleva puesto,,to wear,Verbe,
,soñar,,to dream,Verbe,
,odiar,,to hate,Verbe,
,servir,,to serve,Verbe,
,Pedir,,"Demander, Commander",Verbe,
,consideran,,Ils considerent,Verbe,
,contiene,,Il contient,Verbe,
,reconoce,,Il reconnait,Verbe,
,gastar ,,dépenser,Verbe,
,recibe,,Il reçoit,Verbe,
,mezclar,,Melanger,Verbe,
,cortar,,couper,Verbe,
,ocupar,,Occuper ,Verbe,
,interesar,,Intéresser,Verbe,
,derrotar,,Vaincre,Verbe,
,pasar,,Passer ,Verbe,
,terminar,,finir,Verbe,
,Descansar,,reposer,Verbe,
,Ofrecer,,Offrir,Verbe,
,Caer,,tomber,Verbe,
,Tirar,,Tirer,Verbe,
,Saltar,,Sauter,Verbe,
,Doudar,,Douter,Verbe,
,Rechazar,,Refuser,Verbe,
,Valer,,Valoir,Verbe,
,dejar,,"Laisser, quitter",Verbe,
,Intentar,,Essayer,Verbe,
,Decidir,,Décider,Verbe,
,Deber,,Devoir,Verbe,
,Repetir,,Répéter,Verbe,
,Caer,,Tomber,Verbe,
,Ganar,,"Gagner, Battre",Verbe,
,tratar,,"Essayer, Traiter",Verbe,
,Cortar,,Couper,Verbe,
,Decear,,Désirer,Verbe,
,llenar,,remplir,Verbe,
,añadir,,ajouter,Verbe,
,poseer,,posséder,Verbe,
,contener,,contenir,Verbe,
,Importar,,Importer,Verbe,
,firmar,,signer,Verbe,
,sumar,,additionner,Verbe,
,sumar,,"Additionner, se joindre",Verbe,
,explicar,,Expliquer,Verbe,
,decir,,dire,Verbe,
,Alquilar,,Louer,Verbe,
,Pesar,,Peser,Verbe,
,superar,,surmonter,Verbe,
,sentir,,sentir,Verbe,
,considerar,,considérer,Verbe,
,resolver,,résoudre,Verbe,
,aceptar,,accepter,Verbe,
,mejorar,,améliorer,Verbe,
,presentar,,présenter,Verbe,
,morir,,mourir,Verbe,
,utilizar,,utiliser,Verbe,
,afectar,,affecter,Verbe,
,decear,,désirer,Verbe,
,alcanzar,,"atteindre, attraper",Verbe,
,expresar,,exprimer,Verbe,
,consultar,,consulter,Verbe,
,mantener,,maintenir,Verbe,
,obtener,,obtenir,Verbe,
,lograr,,atteindre / réussir,Verbe,
,conseguir,,obtenir,Verbe,
,recibir,,recevoir,Verbe,
,establecer,,établir,Verbe,
,Producir,,Produir,Verbe,
,ir,,"Aller, Partir",Verbe,
,desarrollar,,développer,Verbe,
,Contestar,,Répondre,Verbe,
,Negar,,Nier,Verbe,
,Ofrecer,,Offrir,Verbe,
,Sacar,,"Enlever, Sortir",Verbe,
,Regalar,,Offrir (cadeau),Verbe,
,colocar,,mettre,Verbe,
,subir,,Augmenter / monter,Verbe,
,iniciar,,Commencer,Verbe,
,andar,,"Marcher, monter (cheval)",Verbe,
,añadir,,Ajouter,Verbe,
,aparecer,,Apparaitre,Verbe,
,atender,,Occuper,Verbe,
,cubrir,,Couvrir,Verbe,
,asumir,,Supposer,Verbe,
,comprobar,,Vérifier,Verbe,
,descubrir,,Découvrir,Verbe,
,negar,,nier,Verbe,
,incluir,,inclure,Verbe,
,actuar,,Agir,Verbe,
,construir,,construire,Verbe,
,formar,,former,Verbe,
,impedir,,Empêcher,Verbe,
,controlar,,Contrôler,Verbe,
,recuperar,,Récupérer,Verbe,
,observar,,observer,Verbe,
,aplicar,,Appliquer,Verbe,
,matar,,tuer,Verbe,
,analizar,,Analyser,Verbe,
,fundar,,fonder,Verbe,
,romper,,casser,Verbe,
,crear,,Créer ,Verbe,
,creer,,Croire,Verbe,
,enviar,,envoyer,Verbe,
,Ese / esa /,,That,,Loin de nous
,Esos / Esas,,Those,,Loin de nous
,Este / Esta / Esto,,"Ceci, ça",,Proche de nous
,Estos / Estas,,These,,Proche de nous
un,apartamento,,apartment,Logement,
,sin,,sans,,
,lo siento,,désolé,,
,barato,,cheap,,
una,quenta,,"check, bill",,
,caro,,expensive,,
,hoy,,today,,
,domingo,,sunday,,
,mascotas,,pets,,
,aburrido,,bored,,
,Cuál,,"Which, What",,
la,cosa,,thing,,
,nieta,,grand daughter,,
,también,,also,,
,idea,,idea,,
,qué,,what?,,
,maestro,,teacher,,
una,escuela,,school,,
,libro,,book,,
un,computadora,,computer,,
,profesor,,teacher,,
,bolígrafo,,pen,,
,pregunta,,question,,
,De dónde eres,,Where are you from,,
,demasiado,,too much,,
,cómoda,,comfortable,,
,hambriento,,hungry,,
,me,,me,,me llamo : my name is. Used as indirect
,llaves,,keys,,
,mi / mis,,my / my plural,,
,"tú, tus",,"your, yours",,
,ir al,,to go,,
,trabajo,,work,,
,cansada,,tired,,
,su,,"your, her, their",,Ella bebe su café
,Está bien,,ok,,
la,Vacaciones,,Vacations,,
,Bueno,,well,,
,ciudad,,city,,ciudades pluriel
,conmigo,,with me,,
,en dirección,,towards the,,
,Te quiero,,I love you,,
,Disfruten,,enjoy,,disfrutar
,luna de miel,,honeymoon,,
,triste,,sad,,
,ocupada,,busy,,
,otro / otra,,other,,
,semana,,week,,
el,días,,day,,
,gusta,,like,,"me gusta, te gusta, "
,dólares,,dollars,,
,pasar,,,,
,preocupadas,,worried,,
,ahora,,now,,
,vieja,,old,,
,usar,,use,,"yo uso, tú usas, él usa"
,todos ,,everybody,,
,medecina,,Medicine,,
,mal,,"unwell, bad",,
,feliz,,happy,,
,cómo se llama usted,,What is your name,,
,Té,,Tea,,
,banana,,banana,,
,más,,"more, any, better",,
,cómo está,,"how are you, her, etc.",,
,hasta,,"On se voit, jusqu’à",,
,mañana,,demain,,
,luego,,"alors, puis, plus tard",,
,tardes,,afternoon,,
,cuándo,,when,,
,quién,,who,,
,cocinar,,cook,,
,pequeña,,petite,,
,pequeño,,petit,,
,estación,,station,,
,A dónde quieres ir,,,,Where do  you want to go
,otra vez,,again,,
,Aquí estamos,,,,here we are
,vegetariano,,vegetarian,,
,unos ,,some,,
,delicioso,,delicious,,
,me gustan,,i like,,
,Hay,,there is,,
,mostrador,,counter,,del monstrador  at the counter
,Voy,,I m going,,
,para,,to,,
,contento,,pleased,,
,nunca,,never / ever,,
,siempre,,always,,
,veces,,sometimes,,
,dormir,,sleep,,
,emocionada,,excited,,
,enojado,,angry,,enojada
,un poco,,"somewhat, any, kind of",,
,sientes,,feel,,
,sorprendido,,surprised,,
,jefe,,boss,,"jefa, jefes / jefas"
,secretaria,,secreterie,,
,mensajes,,messages,,
,escritorio,,desk,,
,cómo,,what,,
,jugador,,player,,
,quisiera,,would like,,
,al lado de,,"beside, next to",,
,avión,,plane,,
,juntos,,together,,juntas
,asientos,,seats,,
,Puede ayudarme,,Can you help me,,
,buscar,,search,,
,desportes,,sports,,
,animales,,animals,,
,todavía,,toujours,,
la,playa,,the beach,,
,contigo,,with you,,
el,arroz,,rice,,
,puedo,,can I,,
,sentarme,,sit down,,Siéntate
,esperando,,waiting for,,
,conoser,,meet,,
,dibujar,,to draw,,
,creo que,,believe that,,
,cuanta,,how much,,
,No ten,,I don’t,,
,dirección,,address,,
,mochila,,sac à dos,,
,baloncesto,,basketball,,
,frijoles,,beans,,
,mismos / misma,,same,,
,Viene para acá,,Coming here,,
,Qué hago,,What to I do,,
,país,,country,,
,matemáticas,,mathematics,,
,listo,,ready,,
,dar,,to give,,
,gracioso / graciosa,,funny,,
,color,,color,,
,olvidar,,to forget,,
,lávese,,wash,,
la,manos,,hands,,
,ayer,,yesterday,,
la,cocina,,the kitchen,,
la,cama,,the bed,,
la,nevera,,the fridge,,
el,dormitorio,,bedroom,,
la,sala,,living room / room,,
,contenta,,"happy, happier, glad",,
la,ventana,,the window,,
,habitaciones,,bedroom / rooms,,
la,silla,,the chair,,
la,estantería,,bookshelf / shelf,,
,sobre,,on top / about / around,,
el,jardín,,the garden,,
la,planta,,la plante,,
el,menú,,the menu,,
el,vaso,,the glass,,
el,plato,,the plate,,
el,tenedor,,the fork,,
la,cuchara,,the spoon,,
el,cuchillo,,the knife,,
,Puede traer,,can you bring,,
,blanco,,white,,
la,botella,,the bottle,,
la,bebida,,the drink,,
,otro,,another,,
la,sopa,,the soup,,
la,patata,,the potato,,
,postres,,dessert,,
,a menudo,,often,,
,le mejor,,the best,,
,en oferta,,in sale,,
,¿Cómo son los restaurantes de Madrid?,,What are the restaurant in Madrid like,,
,parada,,stop / bus stop,,
,efectivo,,cash,,
,nuestro,,our / ours,,nuestra
,guitarra,,guitar,,
,batería,,drums,,
,ejercicio,,exercises,,
,último / última,,dernier / dénière,,
,piso,,étage / niveau,,
,sol,,soleil,,
,después,,après,,
el,marido,,mari,,
,mayor / mayores,,older / elderly,,
la,cita,,rendez vous,,
,largo,,long,,
,básico,,"basic, simple",,
la,actividad,,activity,,
,pero,,mais,,
,tallas,,size,,
el,probador,,fitting room,,
,Cuándo quieres ir de compras,,When do you want to go shopping,,
,lejos,,far,,
,derecha,,right,,
,izquierda,,left,,
,número,,number,,
la,pelota,,ballon / ball,,
,tarjeta de credito,,credit card,,
,dinosaurios,,dinosaures,,
,Tarea,,"Devoir, tâche",,
,Cuál,,what,,
,correo electrónico,,email address,,
,cuánto,,how many,,
,aquel,,that,,
,aquellas / aquellos,,those,,
,aquellos,,,,
el,pastel,,cake,,
el,años,,year,,
,debajo de,,sous,,
,zoológico,,zoo,,
,normalmente,,normally,,
,tiempo,,time,,
el,caballo,,horse,,
,río,,river,,
,usualmente,,usually,,
,lugar,,,,lugares
,alguno / alguna,,some / any / a few,,
la,gente,,people,,
,largas,,long,,
,calor,,hot,,
,frío,,cold,,
,sueño,,"sleepy, tired",,
,miedo,,"afraid, scared",,
,adultos,,adults,,
,hambre,,hungry,,
,sed,,thirsty,,
el,diario,,newspaper / daily,,
,antes,,before,,
la,tele,,TV,,
,solo,,"only, just",,
,lista,,ready,,
,error,,mistake,,
,cada,,"each, every",,
,muñeca,,dool / wrist,,
,curso,,course,,
la,lluvia,,rain,,
,oracíon,,prière / phrase,,
,motocicleta,,motorcycle,,
,carísima,,very expensive,,
,alfombra,,carpet,,
el,viento,,le vent,,
la,parte,,Une partie,,
,tipo,,kind,,
,vainilla,,vanilla,,
,vecino,,voisin,,
,muerte,,death,,
,plástico,,plastic,,
la,cancion,,song,,
el,lingual,,tongues,,
,idiomas,,languages,,
,dice,,say,,
la,conversación,,conversation,,
la,foto,,picture,,
la,arte,,l’art,,
,europeo,,european,,
la,pintura,,painting,,
el,básquetbol,,basketball,,
,preferido,,"favorite, preferred",,
la,asignatura,,subject,,
el,groupo,,group,,
,feo,,ugly,,
,menos,,less,,
,confundido,,"mistaken, confused",,
la,hamburguesa,,hamburger,,
,enero,,January,,
,febrero,,February,,
,marzo,,March,,
,abril,,April,,
,mayo,,May,,
,junio,,June,,
,julio,,July,,
,agosto,,August,,
,septiembre,,September,,
,octubre,,October,,
,noviembre,,November,,
,diciembre,,December,,
,oscuro,,obscure,,
,lento / lenta,,Lent ,,
la,razón,,raison,,
,primera / primer / primero,,first,,
,mándame,,send me,,
,llegar,,arriver,,
,enfrente,,in front,,
,minutos,,minutes,,
,cámara,,camera,,
,baúl,,the trunk,,
,Alquilé,,i rented,,
,enciende,,start,,
,ruido,,noise,,
,gasolina,,gaz,,
,pues,,well,,
,bello,,beautiful,,
,como,,as,,
,tan,,so,,
,dulce,,"sucré, bonbon, plus doux",,
,francesa,,français,,
,latina,,latin,,
,sitios,,places / sites,,
,ambas / ambos,,les deux,,
el,par / pares,,pairs / couple,,
,bolsa,,bag / bourse,,
la,compra,,groceries,,
,centavos,,cents,,
el,refrigerador,,fridge,,
,mía / mío / míos,,mine,,
,tuyos,,yours,,
,suyo / suya,,his / hers,,
,gratis,,free,,
,pedazo,,piece,,
la,empresa,,compagnie / entreprise,,
,centavos,,cents,,
,leccíon,,lesson,,
el,diccionario,,dictionary,,
,paquete,,package,,
,mala,,bad / wrong,,
,imágen / imágenes,,image,,
,ligera / ligero,,light,,
,ya,,already,,
,bici,,bicycle,,
,viene,,next / is coming,,
,quedarse / quedarme,,Rester,,
,planes,,plans,,
,primero,,premier,,
,fecha,,date,,
la,página,,page,,
el,lápiz / lápices,,crayon,,
el,jeans,,jeans,,
el,cepillo,,brosse,,
,diente,,dent,,
el,brócoli,,brocoli,,
,ambos / ambas,,les deux,,
,despacio,,lentement,,
la,foto,,photo,,
,allá,,lá bas,,
,acá,,ici,,
,ahí,,lá,,
el,baile,,dance / dance party,,
,descansas,,rest,,
,cambian,,changes,,
,entrada,,the entrance,,
,librería,,bookstore,,
,hermoso / hermosa,,beautiful,,
,pizarra,,chalkboard,,
,nada,,nothing / anything,,
,surfer,,surfing,,
,seguro,,certain / sure,,
,cercana,,nearest / closest,,
,siga,,continue,,
,enfrente,,in front,,
,perdona,,excuse me / pardon me / forgive me,,
,disculpe / disculpa,,excuse me / apology,,
,derecho,,straight,,
la,carretera,,the highway,,
,detrás,,behind / after,,
,entre,,between / through / with,,
,dentro,,inside,,
,abajo,,downstairs / below / bottom,,
la,final,,end / final / ending,,
,fuera,,outside / go / to be,,
,arriba,,upstairs / up,,
,atrás,,in the back / back,,
la,pared,,wall,,
el,césped,,grass / lawn,,
la,granja,,farm,,
el,piso,,floor,,
,cuarto,,bedroom,,
,terminó,,break up,,
,ayer,,yesterday,,
,reciclaje,,recycling,,
,proyecto,,project,,
,asiento,,seat,,
,canas,,gray hair,,
,energía,,energy,,
,entrenador,,trainer,,
,mesero / mesera,,waiter,,
,curioso,,strange / curious,,
,por,,through / for / around / along,,
,calurosos,,hot / warm,,
el,clima,,le climat,,
,afuera,,out / out there / out of town,,
,encontrarte,,Rencontrer,,
el,árbol / arboles,,l’abre / les arbres,,
el,barco,,le bateau,,
,anoche,,la nuit passée,,
,nadie,,personne,,
,ciento uno,,101,,
,ciento dos,,102,,
,completamente,,complètement,,
,pobre,,pauvre,,
,ninguno / ninguna / ningún,,aucun,,
,emocionante,,exciting / moving,,
,duro / dura,,hard / lasts / last,,
,oraciones,,sentences / prayers,,
,vergüenza,,embarrassed,,
,ruidos,,noises,,
,siguiente,,next,,
,luz,,light,,
,fantasma,,ghost,,
,extraño,,étrange,,
,metros,,meters,,
,seiscientos,,600,,
la,nieve,,the snow,,
,turistas,,tourists,,
,cuatrocientos ochenta,,480,,
la,nacionalidad,,nationality,,
la,piscina,,pool,,
el,anuncio,,"ad, pub",,
el,asiento,,the seat,,
el,planeta,,planète,,
,encima,,on top / on / above,,
,jamás,,never,,
,tampoco,,neither / either,,
,disponible,,"free, available",,
,colega,,colleague,,
,reunión,,meeting,,
el,voleibol,,volleyball,,
el ,bosque,,foret,,
la,galleta,,cookie,,
,cereales,,cereals,,
,amable,,"kind, nice",,
,tanquilo,,"calm, quiet",,
,patinetas,,Skateboard,,
el,hielo,,ice,,
,asada,,"grilled, roasted",,
,llenos,,full,,
,extra,,"extra, option",,
el,aceite,,oil,,
,vale,,"D’accord, coupon",,
,aún,,"Toujours, encore",,La fiesta aún continúa
,según,,Selon,,
,estación,,Saison,,
,mediodía ,,Midi ,,
,rato,,"Un moment, Quelques temps",,
,corta,,"Court, courte",,
,tanto,,Tellement ,,
,enemigo,,Ennemi ,,
,pertenece,,appartient,,
,tratas,,traites,,
,andar,,marcher,,
,del,,du,,
,bastante,,assez,,
,Tiro,,tir,,
,techo,,toit,,
,Siquiera,,Au moins,,
la,Ruta,,route,,
,Curar,,Guérir,,
,Seca / seco,,Sèche,,
la,Mayoria,,Majorité,,
la,victima,,la victime,,
,Barrio ,,Quartier,,
,Doble,,Double,,
,Agente,,Agent,,
,Desde,,Depuis que,,
,Exactamente,,Exactement,,
,Fuerte,,Fort,,
,Justo,,Juste,,
,madrugada,,à l’aube,,
,Únicamente,,Uniquement,,
,Ingenerio,,Ingénieur,,
,Realmente,,Réellement,,
,Vecino,,Voisin,,
,Todavia,,Toujours,,
,Además,,De plus,,
,Polvo,,Poussière,,
,hacia,,vers,,
el,soldado,,soldat,,
la,moneda,,monnaie,,
,derrota,,défaite,,
,panaderia,,boulangerie,,
,la galerio de tiro,,Le stand de tir,,
,logico,,logique,,
,universal,,universel,,
,amplia,,spacieuse / ample,,
,primer,,premier,,
,minimo,,minimal,,
,común,,commun,,
,numerosos,,nombreux,,
,profunda,,profonde,,
,independiente,,indépendante,,
,superior,,supérieur,,
,verdaderos,,vrais,,
el,espejo,,mirroir,,
,horno,,four,,
,temporada,,saison,,
,varios,,plusieurs,,
,alguien,,quelqu’un,,
,cualquiera,,quelconque,,
un,sótano,,"cave, sous-sol",,
,varias,,plusieurs,,
,escalera,,escalier,,
,población,,population,,
,verduras,,légume,,
,británico,,britannique,,
,ciudadano,,citoyen,,
,estadounidense,,américain,,
,canadiense,,canadien,,
,norteamericano,,Nord américain,,
,acerca,,A propos,,
,extranjero,,étranger,,
,Burdeos,,Bordeaux,,
,guatemalteco,,Guatémalteque,,
,"dueño, dueña",,propriétaire,,
,empleada / empleado,,employée / employé,,
,panadero,,boulanger,,
al,sur,,sud,,
,salida,,sortie,,
el,rumbo,,"direction, cap",,
la,pluma,,Stylo plume,,
,igual,,égal,,
la,mitad,,La moitié,,
el,plomero,,plombier,,
el / la,actor / actrice,,acteur / actrice,,
,necesario,,nécessaire,,
,reales,,réels,,
la,sábanas,,draps,,
la,esponja,,éponge,,
la,rasuradora,,rasoir,,
el,cajero,,caissier,,
,enorme,,énorme,,
,ejemplo,,exemple,,
,nivel,,niveau,,
,educación,,éducation,,
,grado,,"degré, classe, année",,
,material,,"Matériau, matériel, matière",,
,Colegio,,"École, college",,
,Título,,Titre,,
,Ausencia,,L’absence,,
,Capitulo,,Chapitre,,
,Lectura,,Lecture,,
,Inteligencia,,Intelligence,,
la,Facultad,,faculté,,
la,Sección,,Section,,
la,Academia,,académie,,
el,Premio,,Prix,,
el,Conocimiento,,Connaissance,,
el,tema,,le theme,,
la,Soluciones,,Solutions,,
,Explicación,,Explication,,
,Sobre todo,,Surtout,,
,acción,,action,,
,información,,information,,
,aplicaciones,,applications,,
la,altura,,la hauteur,,
la,paz,,la paix,,
el,sector,,le secteur,,
la,producción,,la production,,
la,posibilidad,,la possibilité,,
el,movimiento,,le mouvement,,
la,circunstancia,,la circonstance,,
la,mirada,,le regard,,
el,contenido,,Le contenu,,
el,paso,,Le pas,,
el,resultado,,Le résultat,,
el,crecimiento,,La croissance,,
la,suerte,,La chance,,
el,exterior,,L’extérieur,,
la,Isla,,L’île,,
el,norte,,Le nord,Direction,
al,este,,l'est,Direction,
el,oeste,,l'ouest,Direction,
la,señal,,Le signal,,
,allí,,La bas,Direction,
el,coche,,"Une voiture, un char",,
,A pesar de,,Malgré,Expression,
,sino,,mais,,
,necesariamente,,necessairement,,
,contra,,contre ,,
,cualquier,,tout / n’importe quel,,
la,escena,,la scène,,
el,servicio,,le service,,
la,necesidad,,le besoin,,
el,código,,le code,,
,frecuencia,,fréquence,,
el,origen,,l’origine,,
el,oficial,,l’officier,,
el,carácter,,le caractère,,
el,pensamiento,,la pensée,,
la,importancia,,l’importance,,
el,juicio,,le jugement / procès,,
la,expresión,,L’expression,,
la,conciencia,,la conscience,,
el,éxito,,succès,,
el,propósito,,le propos,,
la,construcción,,la construction,,
el,puente,,le pont,,
la,visión,,la vision,,
el,acceso,,l’accès,,
el,aspecto,,l’aspect,,
la,creación,,la création,,
el,principio,,le début,,
la,suerte,,la chance,,
el,asunto,,sujet,,
el / la,abogado / abogada,,avocat / avocate,,
,juego,,jeu,,
,memoria,,mémoire,,
la,obra,,"L’oeuvre, travaux",,
,distinta,,Différente,,
la,seleccion,,La sélection,,
la,publico,,Le public,,
el,instituto,,l'institut,,
el,Peligro,,Danger,,
,probable,,probable,,
el,Programa,,Le programme,,
,casi,,presque,,
la,calidad,,La qualité,,
,frecuentemente,,Fréquemment,,
el,Personaje,,Personnage,,
la,Cárcel,,La prison,,
,detener,,"Retenir, être arrêter",,
,conocidos,,connaissances,,
,herido,,blessé,,
,sentada,,assise,,
,apenas,,À peine,,
,conocida,,connue,,
,campana,,cloche,,
,compañero,,compagnon,,
,Ni siquiera,,Même pas,,
la,Sonrisa,,Le sourire,,
la,Tensión,,La tension,,
,decicada,,dédiée,,
,Amplio,,Ample,,
,herido,,blessé,,
,capitan,,capitaine,,
,Capaz,,Capable,,
la,madera,,le bois,,
la,piedra,,la pierre,,
la,hoja,,la feuille,,
la,especie,,l’espèce,,
el,aire,,l’air,,
la,naturaleza,,"la nature, naturellement",,
la,planeta,,la planète,,
el,gas,,le gaz,,
el,paisaje,,le paysage,,
el,universo,,l’univers,,
la,célula,,la cellule,,
la,montaña,,la montagne,,
la,raíz,,la racine,,
la,arena,,le sable,,
el,cerebro,,le cerveau,,
el,hueso,,l’os,,
el,espacio,,l’espace,,
la,rosa,,la rose,,
el,monte,,le mont,,
el,humo,,la fumée,,
el,ambiente,,l’ambiance / atmosphère,,
la,corriente,,le courant / au courant,,
la,estrella,,l’étoile,,
,Plata,,argent,,
el,gesto,,Le geste,,
la,unidad,,L’unité,,
la,Belleza,,La beauté,,
la,Intención,,L’intention,,
la,unión,,L’union,,
la,perdida,,La perte,,
la,consecuencia,,La conséquence,,
la,Versión,,La version,,
la,conducta,,La conduite,,
la,situacion,,La situation,,
la,Excepción,,L’exception,,
la,Regla,,La règle,,
la,intencidad,,L’intensité,,
,Personal,,Personnelle,,
la,experiencia,,l’expérience,,
la,Critica,,La critique,,
el,Impacto,,l’impact,,
el,orden,,L’ordre,,
el,fracaso,,L’échec,,
la,Extensión,,L’extension,,
la,Definición,,La définition,,
la,Pausa,,La pause,,
el,cargo,,La charge / le poste,,
la,misión,,La mission,,
el,amor,,L’amour,,
la,personalidad,,La personnalité,,
la,hacienda,,L’exploitation agricole,,
la,feria,,la foire,,
,testigo,,témoin,,
,costumbre,,habitude,,
el,campesino,,le paysan,,
,distinto / distinta,,distinct,,
la,sombra,,l’ombre,,
el,canal,,le canal,,
el,margen,,la marge,,
la,división,,la division,,
la,continuación,,la suite,,
la,caída,,la chute,,
el,factor,,le facteur,,
la,perspectiva,,la perspective,,
el,esfuerzo,,l’effort,,
el,motivo,,le motif,,
el,recurso,,la ressource,,
la,propuesta,,la proposition,,
la,sesion,,la session,,
el,Pasto,,Le pâturage,,
el,cielo,,Le ciel,,
el,mapa,,la carte,,
la,carrera,,"La carrière, course",,
el,pantalla,,L’écran,,
el,departamento,,l’appartement,,
,Seguramente,,surement,,
,Probablamente,,"Surement, probablement",,
,alrededor,,autours,,
el,riesgo,,Le risque,,
la,circulación,,La circulation,,
,alrededor,,autours,,
La,Cifra,,Le chiffre,,
la,Oferta,,L’offre,,
el,interés,,L’intérêt,,
el,Comercio,,Le commerce,,
el,Negocio,,Affaire,,
el,contrato,,Le contrat,,
la,Tasa,,Le taux,,
la,venta,,La vente,,
la,deuda,,La dette,,
el,precio,,Le prix,,
el,credito,,Le crédit,,
la,industria,,l'industrie,,
,Valor,,valeur / courage,,
el,costo,,Le coût,,
la,cuenta,,Le compte / la facture,,
la,fortiuna,,La fortune,,
el,ingreso,,Le revenu,,
la,promoción,,la promotion,,
el,porcentaje,,Le pourcentage,,
el,producto,,Le produit ,,
el,conejo,,Le lapin,,
el,oro,,L’or,,
la,junta,,L’assemblée,,
el,mercado,,Le marché,,
la,ejuctiva,,La cadre,,
la,propiedad,,La propriété,,
,compañias,,compagnie,,
la,economia,,l’économie,,
el,capital,,Le capital,,
la,infacion,,L’inflation,,
la,conferencia,,La conférence,,
la,Negociación,,La négociation,,
la,Inversión,,L’investissement,,
,économica,,économique,,
,économia,,Économie,,
la,Prensa,,La presse,,
la,voz,,La voix,,
el,Languaje,,Le language,,
el,articulo,,un article,,
la,estampilla,,Le timbre,,
el,secreto,,Un secret,,
la,noticia,,La nouvelle,,
el,argumento,,l’argument,,
el,contacto,,Le contact,,
la,llamada,,Un appel,,
el,grito,,Les cris,,
la,Frase,,La phrase,,
el,silencio,,Le silence,,
la,publicidad,,La publicité,,
la,Entrevista,,"L’entrevue, l’entretien",,
el,Comentario,,Le commentaire,,
la,editorial,,La maison d’édition / Éditorial,,
la,Postal,,La carte postale,,
la,fuente,,La source,,
,ancho,,large,,
,cierto,,vrai,,
,tamaño,,taille,,
el,significado,,la signification,,
,grave,,grave,,
,quizá,,peut-être,,
el,emocion,,l’émotion,,
,novela,,roman,,
,acto,,acte,,
la,letra,,"la lettre, les paroles",,
la,revista,,le magazine,,
el,disco,,le disque,,
el,rincón,,le coin,,
la,vida,,la vie,,
,verdaderamente,,vraiment,,
la,arquitectura,,l’architecture,,
el,consejo,,Le conseil,,
la,libertad,,La liberté,,
la,seguridad,,La sécurité,,
la,Organización,,L’organisation,,
la,crisis,,La crise,,
el,plan,,Le plan,,
el,organismo,,organisme,,
la,violencia,,La violence,,
el,diálogo,,Le dialogue,,
el,conflicto,,Le conflit,,
el,déficit,,le déficit,,
el,crimen,,le crime,,
,presidenciales,,présidentiels,,
la,estrategia,,la stratégie,,
el,medicamento,,Le médicament,,
la,Infancia,,l'enfance,,
la,Colección,,La collection,,
la,obligación,,L’obligation,,
la,evidencia,,La preuve,,
la,petición,,La pétition,,
la,publicación,,La publication,,
el,procedimiento,,La procédure,,
la,Instalación,,L’installation,,
el,fenómeno,,phénomene,,
,ventaja,,avantage,,
la,actitud,,attitude,,
,cantidad,,quantité,,
la,cola,,La queue,,
la,aventura,,l’aventure,,
la,introducción,,l'introduction,,
el,transporte,,Le transport,,
la,variedad,,La variété,,
,Oportunidad,,oportunité,,
la,Oscuridad,,L’obscurité,,
la,disminución,,La diminution,,
la,Conservación,,La conservation,,
,opcion,,Option,,
el,permiso,,"La permission, le permis",,
la,igualdad,,L’égalité,,
la,Revisión,,La révision,,
el,escándalo,,Le scandale,,
,matrimonio,,mariage,,
la,Destrucción,,La destruction,,
el,simbolo,,Le symbole,,
,bienestar,,Bienetre,,
el,aparato,,L’appareil,,
,En pendiente,,En attente,,
,eléctrico,,Électrique,,
,infantil,,infantile,,
,ácido,,acide,,
,terreno,,terrain,,
la,dificultad,,La difficulté,,
el,pefil,,Le profil,,
la,manera,,La maniere,,
la,confusión,,La confusion,,
la,descripción,,La description,,
la,identificación,,L’identification,,
el,daño,,"Le dégat, dommage",,
el,detalle,,Le détail,,
la,reacción,,La réaction,,
la,alternativa,,L’alternative,,
,clave,,code,,
el,control,,Le controle,,
el,ataque,,L’attaque,,
la,defensa,,La Défense,,
la,causa,,La cause,,
el,resto,,Le reste,,
la,figura,,La silhouette,,
la,fuerza,,La force,,
la,red,,Le réseau,,
la,disciplina,,La discipline,,
el,beneficio,,"Le bénéfice, intérêt",,
el,termino,,Le terme,,
la,práctica,,La pratique,,
el,progreso,,Le progrès,,
la,competencia,,"La concurrence, la compétence, compétition",,
la,capacidad,,La capacité,,
la,fama,,la célébrité,,
,aunque,,"Même, bien que",,
la,tijera,,le ciseau,,
,aspenas,,a peine,,
el,cangrejo,,du crabe,,
el,problema,,le probleme,,
,pobrecito,,pauvre petit,,
la,patria,,La patrie,,
,hogar,,foyer,,
,minima minimo,,Minime,,
la,broma,,la blague,,
,criados,,serviteurs,,
la,sagento,,la sergente,,
,esconder,,cacher,Verbe,
,delante,,devant,,
,ligar,,fleurter,,
el,sofá,,"canapé, divan",,
el,agua,,l’eau,,
el,medio ambiente,,l’environnement,,
el,toro,,taureau,,
el,plasma,,le plasma,,
el,genoma,,le génome,,
la,lámpara,,lampe,,
la,hierba,,herbe,,
